iter	Logloss
0	0.4237383332
1	0.3159632092
2	0.2507163944
3	0.1947723602
4	0.166954354
5	0.14726234
6	0.1310321377
7	0.1163172683
8	0.1079608765
9	0.09635084257
