iter	Logloss
0	0.4340431641
1	0.3257821764
2	0.2577111373
3	0.210679805
4	0.176260203
5	0.1478713452
6	0.1233380254
7	0.1102396708
8	0.09842008451
9	0.08767945831
